"","variant","pyears","n","event"
"1","delta",2512.67488021903,39294,550
"2","AY.4.2",140.454483230664,2325,39
"3","other",29.4483230663929,443,6
