"","variant","pyears","n","event"
"1","delta",2628.24777549624,39283,557
"2","AY.4.2",159.452429842574,2325,40
"3","other",29.5003422313484,442,6
